spot,maturity,price,delta,gamma,vega,payoff
80,0.05,3.03988e-07,4.5219e-07,6.44698e-07,4.12607e-05,0
80.5,0.05,6.32282e-07,9.11757e-07,1.25777e-06,8.15067e-05,0
81,0.05,1.28581e-06,1.79678e-06,2.39717e-06,0.000157278,0
81.5,0.05,2.55771e-06,3.46221e-06,4.46501e-06,0.000296577,0
82,0.05,4.97872e-06,6.52588e-06,8.13105e-06,0.000546732,0
82.5,0.05,9.4878e-06,1.20373e-05,1.44823e-05,0.000985704,0
83,0.05,1.77083e-05,2.17373e-05,2.52385e-05,0.00173868,0
83.5,0.05,3.2384e-05,3.84446e-05,4.30511e-05,0.00300163,0
84,0.05,5.80506e-05,6.66183e-05,7.19045e-05,0.00507358,0
84.5,0.05,0.000102042,0.000113148,0.000117635,0.00839941,0
85,0.05,0.000175965,0.000188436,0.00018857,0.0136242,0
85.5,0.05,0.000297791,0.000307826,0.00029629,0.0216595,0
86,0.05,0.000494778,0.000493441,0.000456469,0.0337604,0
86.5,0.05,0.000807399,0.000776448,0.000689761,0.0516097,0
87,0.05,0.00129453,0.00119976,0.00102263,0.0774029,0
87.5,0.05,0.00204007,0.00182113,0.00148801,0.113926,0
88,0.05,0.00316119,0.00271645,0.00212567,0.164612,0
88.5,0.05,0.00481829,0.00398322,0.00298207,0.233563,0
89,0.05,0.00722654,0.00574368,0.00410959,0.325521,0
89.5,0.05,0.010669,0.00814745,0.005565,0.44577,0
90,0.05,0.0155108,0.0113731,0.00740696,0.599964,0
90.5,0.05,0.0222136,0.0156284,0.00969266,0.793853,0
91,0.05,0.0313499,0.0211484,0.0124736,1.03294,0
91.5,0.05,0.0436157,0.0281915,0.0157908,1.32205,0
92,0.05,0.059841,0.0370329,0.0196694,1.66482,0
92.5,0.05,0.0809954,0.0479553,0.0241137,2.06323,0
93,0.05,0.10819,0.0612375,0.0291027,2.51709,0
93.5,0.05,0.14267,0.0771406,0.0345863,3.02362,0
94,0.05,0.185805,0.095893,0.0404839,3.57716,0
94.5,0.05,0.239068,0.117675,0.0466842,4.16901,0
95,0.05,0.304006,0.142605,0.0530478,4.78757,0
95.5,0.05,0.382205,0.170723,0.0594121,5.41853,0
96,0.05,0.475253,0.201987,0.0655976,6.04548,0
96.5,0.05,0.584694,0.23626,0.0714172,6.65055,0
97,0.05,0.711977,0.273312,0.0766853,7.21532,0
97.5,0.05,0.858416,0.312824,0.0812283,7.72177,0
98,0.05,1.02514,0.354394,0.0848944,8.15326,0
98.5,0.05,1.21308,0.397552,0.0875618,8.49547,0
99,0.05,1.42287,0.441775,0.0891459,8.73719,0
99.5,0.05,1.65494,0.48651,0.0896032,8.87094,0
100,0.05,1.90937,0.53119,0.0889334,8.89334,0
100.5,0.05,2.18602,0.575262,0.0871781,8.80521,0.5
101,0.05,2.48445,0.618201,0.0844173,8.61141,1
101.5,0.05,2.80396,0.65953,0.0807636,8.32047,1.5
102,0.05,3.14364,0.698838,0.0763551,7.94398,2
102.5,0.05,3.5024,0.735786,0.0713468,7.49587,2.5
103,0.05,3.87899,0.770112,0.0659021,6.99156,3
103.5,0.05,4.27205,0.801642,0.0601848,6.44715,3.5
104,0.05,4.68015,0.830278,0.0543511,5.87862,4
104.5,0.05,5.10184,0.855998,0.048544,5.30112,4.5
105,0.05,5.53567,0.878847,0.0428881,4.72842,5
105.5,0.05,5.98022,0.898929,0.0374871,4.17241,5.5
106,0.05,6.43416,0.91639,0.0324218,3.64292,6
106.5,0.05,6.89621,0.931416,0.0277504,3.14752,6.5
107,0.05,7.3652,0.944213,0.0235095,2.6916,7
107.5,0.05,7.84009,0.955,0.0197161,2.27844,7.5
108,0.05,8.31991,0.964004,0.0163707,1.90948,8
108.5,0.05,8.80383,0.971444,0.01346,1.58454,8.5
109,0.05,9.29113,0.977532,0.01096,1.30216,9
109.5,0.05,9.78117,0.982467,0.00883945,1.05987,9.5
110,0.05,10.2734,0.986429,0.00706235,0.854544,10
110.5,0.05,10.7675,0.98958,0.00559034,0.682595,10.5
111,0.05,11.2629,0.992064,0.0043848,0.540252,11
111.5,0.05,11.7594,0.994003,0.00340832,0.42373,11.5
112,0.05,12.2568,0.995504,0.0026258,0.329381,12
112.5,0.05,12.7549,0.996656,0.00200526,0.253791,12.5
113,0.05,13.2534,0.997532,0.00151816,0.193854,13
113.5,0.05,13.7524,0.998192,0.00113962,0.146808,13.5
114,0.05,14.2516,0.998686,0.000848283,0.110243,14
114.5,0.05,14.751,0.999052,0.000626204,0.082097,14.5
115,0.05,15.2506,0.999321,0.000458494,0.0606359,15
115.5,0.05,15.7504,0.999517,0.000332999,0.0444229,15.5
116,0.05,16.2501,0.999659,0.000239934,0.0322855,16
116.5,0.05,16.75,0.999761,0.000171525,0.0232798,16.5
117,0.05,17.2499,0.999834,0.000121673,0.0166558,17
117.5,0.05,17.7498,0.999885,8.56528e-05,0.0118254,17.5
118,0.05,18.2498,0.999921,5.98428e-05,0.00833251,18
118.5,0.05,18.7498,0.999946,4.15002e-05,0.00582756,18.5
119,0.05,19.2497,0.999964,2.85693e-05,0.0040457,19
119.5,0.05,19.7497,0.999976,1.95256e-05,0.0027883,19.5
120,0.05,20.2497,0.999984,1.32497e-05,0.00190795,20
80,0.1,0.000403318,0.000315961,0.000229412,0.0293648,0
80.5,0.1,0.00059339,0.000451676,0.000317701,0.0411757,0
81,0.1,0.000863488,0.00063847,0.00043488,0.057065,0
81.5,0.1,0.00124306,0.000892625,0.000588514,0.0781812,0
82,0.1,0.00177071,0.00123454,0.000787529,0.105907,0
82.5,0.1,0.0024964,0.00168943,0.00104228,0.14188,0
83,0.1,0.00348407,0.00228806,0.00136454,0.188007,0
83.5,0.1,0.00481455,0.00306742,0.0017675,0.24647,0
84,0.1,0.00658889,0.00407141,0.00226559,0.31972,0
84.5,0.1,0.00893192,0.00535144,0.00287427,0.41046,0
85,0.1,0.0119962,0.00696681,0.00360971,0.521604,0
85.5,0.1,0.0159658,0.00898503,0.00448841,0.656228,0
86,0.1,0.0210609,0.0114818,0.0055266,0.817494,0
86.5,0.1,0.0275413,0.0145408,0.00673969,1.00856,0
87,0.1,0.0357105,0.018253,0.00814156,1.23247,0
87.5,0.1,0.0459193,0.0227158,0.00974383,1.49202,0
88,0.1,0.0585685,0.0280316,0.011555,1.78965,0
88.5,0.1,0.0741108,0.0343065,0.01358,2.12724,0
89,0.1,0.0930526,0.0416473,0.0158189,2.50603,0
89.5,0.1,0.115953,0.0501602,0.0182668,2.92644,0
90,0.1,0.143425,0.0599473,0.0209134,3.38797,0
90.5,0.1,0.176129,0.071104,0.023742,3.88906,0
91,0.1,0.214772,0.0837159,0.0267302,4.42705,0
91.5,0.1,0.2601,0.097856,0.0298494,4.99813,0
92,0.1,0.312892,0.113581,0.0330655,5.59732,0
92.5,0.1,0.373952,0.130931,0.0363392,6.21854,0
93,0.1,0.444097,0.149923,0.0396269,6.85466,0
93.5,0.1,0.524148,0.170553,0.0428819,7.49768,0
94,0.1,0.614918,0.192791,0.0460551,8.13886,0
94.5,0.1,0.717199,0.216586,0.0490969,8.76894,0
95,0.1,0.83175,0.241858,0.0519579,9.3784,0
95.5,0.1,0.959286,0.268506,0.0545909,9.95765,0
96,0.1,1.10046,0.296404,0.056952,10.4974,0
96.5,0.1,1.25587,0.325406,0.0590016,10.9888,0
97,0.1,1.42603,0.355348,0.0607061,11.4237,0
97.5,0.1,1.61135,0.38605,0.0620383,11.795,0
98,0.1,1.81217,0.41732,0.0629783,12.0969,0
98.5,0.1,2.02873,0.448961,0.0635141,12.3246,0
99,0.1,2.26116,0.480766,0.0636414,12.475,0
99.5,0.1,2.50949,0.512534,0.063364,12.5464,0
100,0.1,2.77365,0.544065,0.0626931,12.5386,0
100.5,0.1,3.05348,0.575165,0.0616471,12.453,0.5
101,0.1,3.34872,0.605654,0.0602506,12.2923,1
101.5,0.1,3.65901,0.635362,0.0585335,12.0605,1.5
102,0.1,3.98392,0.664139,0.0565303,11.7628,2
102.5,0.1,4.32297,0.691851,0.0542787,11.4053,2.5
103,0.1,4.67558,0.718383,0.0518186,10.9949,3
103.5,0.1,5.04114,0.743642,0.0491913,10.539,3.5
104,0.1,5.419,0.767554,0.0464377,10.0454,4
104.5,0.1,5.80846,0.790065,0.0435984,9.5221,4.5
105,0.1,6.20882,0.811144,0.0407118,8.97696,5
105.5,0.1,6.61936,0.830775,0.0378143,8.41766,5.5
106,0.1,7.03936,0.848962,0.034939,7.8515,6
106.5,0.1,7.46809,0.865723,0.0321156,7.28527,6.5
107,0.1,7.90485,0.881091,0.0293702,6.72518,7
107.5,0.1,8.34895,0.89511,0.0267246,6.17673,7.5
108,0.1,8.79974,0.907835,0.0241971,5.64471,8
108.5,0.1,9.25658,0.919329,0.0218019,5.13314,8.5
109,0.1,9.71888,0.929661,0.0195493,4.6453,9
109.5,0.1,10.1861,0.938903,0.0174464,4.18373,9.5
110,0.1,10.6576,0.947133,0.015497,3.75027,10
110.5,0.1,11.133,0.954426,0.013702,3.34609,10.5
111,0.1,11.6119,0.96086,0.0120599,2.9718,11
111.5,0.1,12.0938,0.966511,0.0105671,2.62745,11.5
112,0.1,12.5783,0.971451,0.00921815,2.31265,12
112.5,0.1,13.0651,0.975752,0.00800642,2.02662,12.5
113,0.1,13.5539,0.979479,0.00692411,1.76828,13
113.5,0.1,14.0445,0.982696,0.00596276,1.53628,13.5
114,0.1,14.5366,0.985461,0.00511345,1.32909,14
114.5,0.1,15.0299,0.987827,0.00436705,1.14506,14.5
115,0.1,15.5243,0.989843,0.00371445,0.982473,15
115.5,0.1,16.0197,0.991555,0.00314673,0.839562,15.5
116,0.1,16.5158,0.993003,0.00265524,0.714578,16
116.5,0.1,17.0127,0.994222,0.00223179,0.605807,16.5
117,0.1,17.51,0.995245,0.00186866,0.511601,17
117.5,0.1,18.0079,0.996099,0.00155868,0.43039,17.5
118,0.1,18.5061,0.996811,0.00129526,0.360703,18
118.5,0.1,19.0047,0.997401,0.00107238,0.301173,18.5
119,0.1,19.5035,0.997889,0.000884627,0.250544,19
119.5,0.1,20.0025,0.998291,0.000727124,0.20767,19.5
120,0.1,20.5018,0.998621,0.000595546,0.171517,20
80,0.2,0.0227705,0.00968595,0.00362239,0.927331,0
80.5,0.2,0.0280907,0.0116452,0.00422644,1.09554,0
81,0.2,0.034469,0.0139245,0.0049029,1.28672,0
81.5,0.2,0.0420747,0.0165608,0.00565551,1.50261,0
82,0.2,0.0510959,0.0195932,0.00648745,1.74487,0
82.5,0.2,0.0617406,0.0230619,0.0074012,2.01498,0
83,0.2,0.0742374,0.0270083,0.00839839,2.31426,0
83.5,0.2,0.0888355,0.0314743,0.00947974,2.6438,0
84,0.2,0.105805,0.036502,0.0106449,3.00442,0
84.5,0.2,0.125438,0.042133,0.0118924,3.3966,0
85,0.2,0.148046,0.0484077,0.0132197,3.82048,0
85.5,0.2,0.17396,0.0553653,0.0146227,4.27582,0
86,0.2,0.203531,0.0630422,0.0160964,4.76196,0
86.5,0.2,0.237127,0.0714724,0.0176343,5.27776,0
87,0.2,0.275134,0.0806859,0.0192287,5.82168,0
87.5,0.2,0.317948,0.090709,0.0208708,6.39168,0
88,0.2,0.365981,0.101563,0.0225506,6.98526,0
88.5,0.2,0.419653,0.113264,0.024257,7.59948,0
89,0.2,0.479388,0.125823,0.0259783,8.23098,0
89.5,0.2,0.545619,0.139243,0.0277019,8.87597,0
90,0.2,0.618774,0.153523,0.0294146,9.53034,0
90.5,0.2,0.699283,0.168653,0.031103,10.1896,0
91,0.2,0.787567,0.184619,0.0327532,10.8492,0
91.5,0.2,0.884038,0.201398,0.0343517,11.5041,0
92,0.2,0.989095,0.21896,0.0358851,12.1493,0
92.5,0.2,1.10312,0.23727,0.0373403,12.7797,0
93,0.2,1.22648,0.256285,0.0387049,13.3903,0
93.5,0.2,1.35952,0.275958,0.0399674,13.9762,0
94,0.2,1.50254,0.296234,0.0411172,14.5324,0
94.5,0.2,1.65584,0.317055,0.0421447,15.0545,0
95,0.2,1.81968,0.338357,0.0430418,15.5381,0
95.5,0.2,1.99427,0.360074,0.0438017,15.9793,0
96,0.2,2.17981,0.382135,0.0444188,16.3745,0
96.5,0.2,2.37645,0.404468,0.0448892,16.7208,0
97,0.2,2.58431,0.426999,0.0452106,17.0155,0
97.5,0.2,2.80347,0.449653,0.045382,17.2565,0
98,0.2,3.03397,0.472356,0.0454041,17.4424,0
98.5,0.2,3.27582,0.495033,0.0452788,17.5723,0
99,0.2,3.52899,0.517611,0.0450097,17.6456,0
99.5,0.2,3.7934,0.540019,0.0446015,17.6626,0
100,0.2,4.06897,0.56219,0.04406,17.624,0
100.5,0.2,4.35554,0.584058,0.0433923,17.5309,0.5
101,0.2,4.65296,0.605563,0.0426063,17.3851,1
101.5,0.2,4.96104,0.626647,0.0417106,17.1885,1.5
102,0.2,5.27953,0.647257,0.0407146,16.9438,2
102.5,0.2,5.6082,0.667346,0.0396282,16.6538,2.5
103,0.2,5.94678,0.686872,0.0384616,16.3215,3
103.5,0.2,6.29498,0.705796,0.0372251,15.9506,3.5
104,0.2,6.65247,0.724087,0.0359294,15.5445,4
104.5,0.2,7.01895,0.741717,0.0345848,15.107,4.5
105,0.2,7.39408,0.758665,0.0332017,14.6419,5
105.5,0.2,7.7775,0.774914,0.03179,14.1532,5.5
106,0.2,8.16887,0.790452,0.0303595,13.6448,6
106.5,0.2,8.56783,0.805272,0.0289193,13.1204,6.5
107,0.2,8.97403,0.819371,0.027478,12.5838,7
107.5,0.2,9.38709,0.832751,0.0260438,12.0387,7.5
108,0.2,9.80666,0.845417,0.024624,11.4886,8
108.5,0.2,10.2324,0.857379,0.0232255,10.9367,8.5
109,0.2,10.6639,0.868648,0.0218544,10.3861,9
109.5,0.2,11.1009,0.879239,0.020516,9.8397,9.5
110,0.2,11.543,0.88917,0.0192151,9.30013,10
110.5,0.2,11.99,0.898461,0.0179558,8.76977,10.5
111,0.2,12.4414,0.907133,0.0167412,8.25075,11
111.5,0.2,12.897,0.91521,0.0155743,7.74496,11.5
112,0.2,13.3565,0.922716,0.0144571,7.25401,12
112.5,0.2,13.8196,0.929676,0.0133912,6.77929,12.5
113,0.2,14.2861,0.936116,0.0123775,6.32195,13
113.5,0.2,14.7557,0.942062,0.0114167,5.88289,13.5
114,0.2,15.2281,0.947541,0.0105087,5.46283,14
114.5,0.2,15.7031,0.952579,0.0096532,5.06224,14.5
115,0.2,16.1806,0.957203,0.00884958,4.68143,15
115.5,0.2,16.6603,0.961437,0.00809681,4.32054,15.5
116,0.2,17.142,0.965308,0.00739362,3.97954,16
116.5,0.2,17.6255,0.968839,0.0067385,3.65826,16.5
117,0.2,18.1108,0.972054,0.00612977,3.35642,17
117.5,0.2,18.5975,0.974976,0.00556559,3.0736,17.5
118,0.2,19.0857,0.977627,0.005044,2.80931,18
118.5,0.2,19.5751,0.980027,0.00456297,2.56297,18.5
119,0.2,20.0657,0.982196,0.00412039,2.33395,19
119.5,0.2,20.5573,0.984153,0.00371414,2.12155,19.5
120,0.2,21.0498,0.985916,0.00334209,1.92505,20
80,0.5,0.456155,0.0916972,0.0145538,9.31443,0
80.5,0.5,0.503855,0.0991658,0.0153216,9.92877,0
81,0.5,0.555385,0.10702,0.0160938,10.5591,0
81.5,0.5,0.610939,0.11526,0.0168677,11.2039,0
82,0.5,0.670709,0.123887,0.0176406,11.8615,0
82.5,0.5,0.73489,0.1329,0.0184098,12.5302,0
83,0.5,0.803673,0.142296,0.0191724,13.2079,0
83.5,0.5,0.877249,0.152071,0.0199257,13.8927,0
84,0.5,0.955806,0.162219,0.0206668,14.5825,0
84.5,0.5,1.03953,0.172735,0.021393,15.2751,0
85,0.5,1.1286,0.183609,0.0221016,15.9684,0
85.5,0.5,1.2232,0.194833,0.02279,16.66,0
86,0.5,1.32349,0.206396,0.0234556,17.3477,0
86.5,0.5,1.42965,0.218285,0.0240959,18.0292,0
87,0.5,1.54183,0.230487,0.0247087,18.702,0
87.5,0.5,1.66018,0.242988,0.0252918,19.364,0
88,0.5,1.78486,0.255773,0.025843,20.0128,0
88.5,0.5,1.916,0.268826,0.0263606,20.6463,0
89,0.5,2.05373,0.282128,0.0268428,21.2622,0
89.5,0.5,2.19817,0.295662,0.0272881,21.8584,0
90,0.5,2.34943,0.30941,0.027695,22.433,0
90.5,0.5,2.50761,0.323351,0.0280626,22.9839,0
91,0.5,2.67281,0.337466,0.0283897,23.5095,0
91.5,0.5,2.8451,0.351734,0.0286755,24.0079,0
92,0.5,3.02456,0.366134,0.0289196,24.4776,0
92.5,0.5,3.21125,0.380646,0.0291215,24.9171,0
93,0.5,3.40523,0.395249,0.029281,25.3252,0
93.5,0.5,3.60651,0.40992,0.0293981,25.7006,0
94,0.5,3.81515,0.42464,0.029473,26.0424,0
94.5,0.5,4.03116,0.439386,0.0295061,26.3497,0
95,0.5,4.25454,0.454139,0.0294978,26.6217,0
95.5,0.5,4.4853,0.468877,0.0294488,26.858,0
96,0.5,4.72341,0.483581,0.02936,27.0582,0
96.5,0.5,4.96887,0.498231,0.0292323,27.2219,0
97,0.5,5.22163,0.512807,0.029067,27.3491,0
97.5,0.5,5.48166,0.527292,0.0288651,27.4399,0
98,0.5,5.7489,0.541666,0.028628,27.4944,0
98.5,0.5,6.0233,0.555914,0.0283573,27.513,0
99,0.5,6.30479,0.570018,0.0280544,27.4961,0
99.5,0.5,6.5933,0.583963,0.027721,27.4445,0
100,0.5,6.88873,0.597734,0.0273587,27.3587,0
100.5,0.5,7.191,0.611318,0.0269692,27.2396,0.5
101,0.5,7.50001,0.624699,0.0265544,27.0881,1
101.5,0.5,7.81566,0.637868,0.026116,26.9053,1.5
102,0.5,8.13784,0.650812,0.0256559,26.6924,2
102.5,0.5,8.46644,0.663521,0.0251759,26.4504,2.5
103,0.5,8.80132,0.675985,0.0246778,26.1807,3
103.5,0.5,9.14238,0.688196,0.0241635,25.8845,3.5
104,0.5,9.48947,0.700146,0.0236348,25.5634,4
104.5,0.5,9.84248,0.711828,0.0230935,25.2186,4.5
105,0.5,10.2013,0.723237,0.0225413,24.8518,5
105.5,0.5,10.5657,0.734368,0.0219799,24.4642,5.5
106,0.5,10.9356,0.745216,0.0214112,24.0576,6
106.5,0.5,11.3108,0.755778,0.0208365,23.6333,6.5
107,0.5,11.6913,0.766052,0.0202576,23.1929,7
107.5,0.5,12.0768,0.776035,0.0196759,22.738,7.5
108,0.5,12.4673,0.785728,0.0190929,22.2699,8
108.5,0.5,12.8625,0.795128,0.0185099,21.7903,8.5
109,0.5,13.2624,0.804238,0.0179283,21.3006,9
109.5,0.5,13.6667,0.813057,0.0173493,20.8022,9.5
110,0.5,14.0754,0.821588,0.016774,20.2965,10
110.5,0.5,14.4883,0.829832,0.0162036,19.785,10.5
111,0.5,14.9052,0.837792,0.015639,19.2688,11
111.5,0.5,15.326,0.845472,0.0150812,18.7494,11.5
112,0.5,15.7506,0.852875,0.0145311,18.2279,12
112.5,0.5,16.1788,0.860004,0.0139895,17.7055,12.5
113,0.5,16.6106,0.866866,0.0134571,17.1834,13
113.5,0.5,17.0456,0.873463,0.0129345,16.6625,13.5
114,0.5,17.484,0.879802,0.0124223,16.1441,14
114.5,0.5,17.9254,0.885887,0.0119211,15.6289,14.5
115,0.5,18.3698,0.891725,0.0114313,15.1179,15
115.5,0.5,18.8171,0.897321,0.0109532,14.6119,15.5
116,0.5,19.2671,0.90268,0.0104873,14.1117,16
116.5,0.5,19.7197,0.90781,0.0100338,13.6181,16.5
117,0.5,20.1749,0.912716,0.00959285,13.1317,17
117.5,0.5,20.6324,0.917405,0.00916471,12.653,17.5
118,0.5,21.0922,0.921883,0.00874947,12.1828,18
118.5,0.5,21.5543,0.926157,0.00834719,11.7213,18.5
119,0.5,22.0184,0.930232,0.00795792,11.2692,19
119.5,0.5,22.4845,0.934117,0.00758164,10.8268,19.5
120,0.5,22.9525,0.937816,0.0072183,10.3944,20
80,1,1.85942,0.221922,0.0185982,23.8057,0
80.5,1,1.97272,0.231302,0.0189197,24.5209,0
81,1,2.09075,0.240839,0.0192262,25.2287,0
81.5,1,2.21358,0.250526,0.0195172,25.9277,0
82,1,2.3413,0.260354,0.0197922,26.6166,0
82.5,1,2.47396,0.270315,0.0200508,27.2942,0
83,1,2.61163,0.280402,0.0202926,27.9592,0
83.5,1,2.75438,0.290605,0.0205173,28.6103,0
84,1,2.90226,0.300916,0.0207245,29.2464,0
84.5,1,3.05531,0.311327,0.0209141,29.8664,0
85,1,3.2136,0.321827,0.0210859,30.4692,0
85.5,1,3.37715,0.33241,0.0212398,31.0537,0
86,1,3.54602,0.343064,0.0213757,31.6189,0
86.5,1,3.72023,0.353782,0.0214935,32.1639,0
87,1,3.89981,0.364555,0.0215933,32.6879,0
87.5,1,4.08479,0.375373,0.0216751,33.19,0
88,1,4.27519,0.386227,0.021739,33.6694,0
88.5,1,4.47102,0.397109,0.0217853,34.1255,0
89,1,4.6723,0.408009,0.021814,34.5577,0
89.5,1,4.87903,0.41892,0.0218254,34.9654,0
90,1,5.09122,0.429832,0.0218197,35.348,0
90.5,1,5.30886,0.440737,0.0217974,35.7052,0
91,1,5.53196,0.451626,0.0217586,36.0365,0
91.5,1,5.76049,0.462493,0.0217037,36.3418,0
92,1,5.99444,0.473327,0.0216332,36.6206,0
92.5,1,6.23381,0.484123,0.0215474,36.8729,0
93,1,6.47856,0.494872,0.0214467,37.0986,0
93.5,1,6.72867,0.505568,0.0213317,37.2975,0
94,1,6.98412,0.516202,0.0212028,37.4696,0
94.5,1,7.24486,0.526768,0.0210605,37.6151,0
95,1,7.51087,0.53726,0.0209053,37.7341,0
95.5,1,7.78211,0.547671,0.0207377,37.8267,0
96,1,8.05853,0.557996,0.0205583,37.893,0
96.5,1,8.34009,0.568228,0.0203676,37.9335,0
97,1,8.62674,0.578362,0.020166,37.9485,0
97.5,1,8.91843,0.588392,0.0199543,37.9382,0
98,1,9.21511,0.598314,0.019733,37.9031,0
98.5,1,9.51673,0.608124,0.0195025,37.8436,0
99,1,9.82322,0.617815,0.0192635,37.7602,0
99.5,1,10.1345,0.627386,0.0190165,37.6535,0
100,1,10.4506,0.636831,0.018762,37.524,0
100.5,1,10.7713,0.646147,0.0185007,37.3723,0.5
101,1,11.0967,0.65533,0.018233,37.199,1
101.5,1,11.4266,0.664379,0.0179595,37.0047,1.5
102,1,11.7611,0.673289,0.0176807,36.7901,2
102.5,1,12.0999,0.682059,0.0173972,36.5558,2.5
103,1,12.4431,0.690685,0.0171094,36.3027,3
103.5,1,12.7906,0.699167,0.0168178,36.0313,3.5
104,1,13.1422,0.707503,0.0165229,35.7424,4
104.5,1,13.498,0.71569,0.0162253,35.4368,4.5
105,1,13.8579,0.723727,0.0159252,35.1152,5
105.5,1,14.2217,0.731615,0.0156233,34.7783,5.5
106,1,14.5895,0.739351,0.0153199,34.4269,6
106.5,1,14.9611,0.746934,0.0150155,34.0618,6.5
107,1,15.3364,0.754366,0.0147104,33.6838,7
107.5,1,15.7154,0.761645,0.014405,33.2935,7.5
108,1,16.098,0.768771,0.0140997,32.8918,8
108.5,1,16.4842,0.775745,0.0137949,32.4794,8.5
109,1,16.8737,0.782566,0.0134909,32.057,9
109.5,1,17.2667,0.789236,0.013188,31.6254,9.5
110,1,17.663,0.795754,0.0128865,31.1854,10
110.5,1,18.0624,0.802122,0.0125868,30.7375,10.5
111,1,18.4651,0.808341,0.012289,30.2826,11
111.5,1,18.8707,0.814412,0.0119935,29.8214,11.5
112,1,19.2794,0.820335,0.0117006,29.3544,12
112.5,1,19.6911,0.826113,0.0114103,28.8824,12.5
113,1,20.1055,0.831746,0.0111231,28.4061,13
113.5,1,20.5228,0.837236,0.010839,27.926,13.5
114,1,20.9427,0.842586,0.0105582,27.4428,14
114.5,1,21.3653,0.847795,0.0102809,26.9571,14.5
115,1,21.7905,0.852867,0.0100074,26.4695,15
115.5,1,22.2182,0.857803,0.00973762,25.9805,15.5
116,1,22.6483,0.862605,0.00947184,25.4906,16
116.5,1,23.0808,0.867276,0.00921014,25.0005,16.5
117,1,23.5155,0.871816,0.00895263,24.5105,17
117.5,1,23.9526,0.876229,0.0086994,24.0212,17.5
118,1,24.3918,0.880516,0.00845055,23.5331,18
118.5,1,24.8331,0.88468,0.00820615,23.0466,18.5
119,1,25.2764,0.888723,0.00796627,22.5621,19
119.5,1,25.7218,0.892647,0.00773095,22.08,19.5
120,1,26.169,0.896455,0.00750025,21.6007,20
80,2,5.23183,0.384395,0.0168854,43.2266,0
80.5,2,5.42614,0.392838,0.0168854,43.7687,0
81,2,5.62467,0.40128,0.0168774,44.2929,0
81.5,2,5.82742,0.409715,0.0168613,44.7988,0
82,2,6.03438,0.41814,0.0168375,45.2861,0
82.5,2,6.24556,0.426551,0.0168061,45.7545,0
83,2,6.46093,0.434944,0.0167672,46.2037,0
83.5,2,6.6805,0.443317,0.0167211,46.6335,0
84,2,6.90424,0.451664,0.016668,47.0436,0
84.5,2,7.13216,0.459984,0.016608,47.434,0
85,2,7.36422,0.468271,0.0165413,47.8044,0
85.5,2,7.60042,0.476524,0.0164682,48.1547,0
86,2,7.84074,0.484738,0.0163889,48.4848,0
86.5,2,8.08515,0.492912,0.0163035,48.7947,0
87,2,8.33364,0.501041,0.0162123,49.0843,0
87.5,2,8.58619,0.509123,0.0161155,49.3537,0
88,2,8.84276,0.517155,0.0160133,49.6028,0
88.5,2,9.10333,0.525135,0.0159059,49.8316,0
89,2,9.36789,0.533061,0.0157936,50.0404,0
89.5,2,9.63638,0.540928,0.0156765,50.229,0
90,2,9.9088,0.548736,0.0155548,50.3977,0
90.5,2,10.1851,0.556482,0.0154289,50.5466,0
91,2,10.4653,0.564164,0.0152988,50.6758,0
91.5,2,10.7493,0.57178,0.0151648,50.7855,0
92,2,11.037,0.579329,0.0150271,50.8759,0
92.5,2,11.3286,0.586807,0.0148859,50.9472,0
93,2,11.6238,0.594214,0.0147415,50.9996,0
93.5,2,11.9228,0.601548,0.0145939,51.0334,0
94,2,12.2254,0.608807,0.0144434,51.0489,0
94.5,2,12.5316,0.615991,0.0142903,51.0462,0
95,2,12.8414,0.623097,0.0141346,51.0258,0
95.5,2,13.1547,0.630125,0.0139766,50.9879,0
96,2,13.4715,0.637073,0.0138164,50.9328,0
96.5,2,13.7917,0.643941,0.0136543,50.8608,0
97,2,14.1154,0.650727,0.0134904,50.7723,0
97.5,2,14.4424,0.657431,0.0133248,50.6676,0
98,2,14.7728,0.664052,0.0131578,50.5471,0
98.5,2,15.1065,0.670589,0.0129896,50.4112,0
99,2,15.4434,0.677041,0.0128201,50.2601,0
99.5,2,15.7835,0.683409,0.0126498,50.0943,0
100,2,16.1268,0.689691,0.0124785,49.9142,0
100.5,2,16.4732,0.695887,0.0123066,49.7201,0.5
101,2,16.8227,0.701998,0.0121342,49.5124,1
101.5,2,17.1752,0.708021,0.0119614,49.2916,1.5
102,2,17.5307,0.713959,0.0117882,49.058,2
102.5,2,17.8891,0.71981,0.011615,48.8119,2.5
103,2,18.2505,0.725574,0.0114417,48.5539,3
103.5,2,18.6147,0.731251,0.0112685,48.2844,3.5
104,2,18.9817,0.736842,0.0110955,48.0036,4
104.5,2,19.3515,0.742347,0.0109228,47.712,4.5
105,2,19.724,0.747765,0.0107506,47.4101,5
105.5,2,20.0992,0.753098,0.0105789,47.0981,5.5
106,2,20.4771,0.758344,0.0104078,46.7766,6
106.5,2,20.8576,0.763506,0.0102374,46.4459,6.5
107,2,21.2406,0.768582,0.0100678,46.1063,7
107.5,2,21.6261,0.773573,0.00989906,45.7584,7.5
108,2,22.0142,0.778481,0.00973132,45.4024,8
108.5,2,22.4046,0.783305,0.00956461,45.0388,8.5
109,2,22.7974,0.788046,0.00939903,44.6679,9
109.5,2,23.1926,0.792704,0.00923462,44.2901,9.5
110,2,23.5901,0.797281,0.00907146,43.9058,10
110.5,2,23.9899,0.801776,0.0089096,43.5154,10.5
111,2,24.3919,0.80619,0.00874911,43.1191,11
111.5,2,24.7961,0.810525,0.00859004,42.7174,11.5
112,2,25.2024,0.814781,0.00843244,42.3106,12
112.5,2,25.6109,0.818958,0.00827635,41.899,12.5
113,2,26.0214,0.823057,0.00812183,41.483,13
113.5,2,26.4339,0.82708,0.00796891,41.063,13.5
114,2,26.8484,0.831027,0.00781762,40.6391,14
114.5,2,27.2649,0.834898,0.00766802,40.2118,14.5
115,2,27.6833,0.838695,0.00752012,39.7814,15
115.5,2,28.1036,0.842418,0.00737396,39.3482,15.5
116,2,28.5257,0.846069,0.00722956,38.9124,16
116.5,2,28.9497,0.849648,0.00708695,38.4743,16.5
117,2,29.3754,0.853156,0.00694615,38.0343,17
117.5,2,29.8028,0.856595,0.00680717,37.5926,17.5
118,2,30.2319,0.859964,0.00667005,37.1495,18
118.5,2,30.6627,0.863265,0.00653478,36.7052,18.5
119,2,31.0952,0.866499,0.00640139,36.2601,19
119.5,2,31.5292,0.869667,0.00626989,35.8142,19.5
120,2,31.9648,0.872769,0.00614027,35.368,20
